date,total_trade_value_usd,total_volume_usd,total_volume_tokens,avg_execution_price,total_fees_usd,total_pnl_usd,total_net_pnl_usd,avg_leverage,buy_volume_usd,sell_volume_usd,num_trades,num_accounts,num_coins,buy_sell_ratio
2023-05-01,477.0,477.0,0.25129999999999997,1898.1333333333332,0.0,0.0,0.0,,477.0,0.0,3,1,1,
2023-12-05,50005.83,50005.83,11.80901,11038.3,12.501455,0.0,-12.501455,,25007.21,24998.62,9,1,2,1.000343618967767
2023-12-14,113203.35,113203.35,4092.28901,8031.868818181818,28.300831000000002,-205.43473700000007,-233.73556800000003,,51407.47,61795.880000000005,11,1,4,0.8318915435786334
2023-12-15,10609.95,10609.95,3558.0,2.982,2.652489,-24.632033999999997,-27.284523,,10609.95,0.0,2,1,1,
2023-12-16,15348.77,15348.77,39897.0,0.3847066666666667,3.8371890000000004,0.0,-3.8371890000000004,,15348.77,0.0,3,1,1,
2023-12-17,116278.02,116278.02,86246.4486,802.5418592857143,29.069499,304.982785,275.91328599999997,,50312.21,65965.81,14,1,3,0.7627013145142916
2023-12-18,31164.179999999997,31164.179999999997,14.306,2178.1000000000004,7.791045,0.0,-7.791045,,31164.179999999997,0.0,2,1,1,
2023-12-19,91602.41,91602.41,161546.30599999998,447.8019113333333,22.900596,1000.5386120000001,977.638016,,29718.92,61883.490000000005,15,1,2,0.4802398830447345
2023-12-20,141636.79,141636.79,174520.2,6.722871666666666,35.409187,162.732282,127.323095,,70737.04,70899.75,18,1,2,0.9977050694819092
2023-12-21,125233.97,125233.97,1364.3,91.84020408163265,31.308469,537.211402,505.902933,,62348.400000000016,62885.56999999999,49,1,1,0.9914579767663714
2023-12-22,88874.28,88874.28,2450.7491,30692.8325,22.218566000000003,141.832675,119.61410899999998,,59195.32,29678.96,10,1,2,1.9945213713688081
2023-12-23,78438.25,78438.25,141665.4,3.0702846153846153,19.609555,146.936704,127.327149,,24316.62,54121.630000000005,13,1,2,0.44929578063336223
2023-12-24,402954.94,402954.94,284682.19608,13680.54118025641,100.738715,1008.619956,907.881241,,200973.24,201981.7,39,1,4,0.9950071714417691
2023-12-25,59948.51,59948.51,26.3812,2275.4,14.987124999999999,-245.081348,-260.068473,,30096.86,29851.65,3,1,1,1.0082142863124819
2023-12-27,171411.06,171411.06,455540.0,0.37319214285714286,42.852747,-704.8892269999999,-747.741974,,86058.02,85353.04,28,1,2,1.008259576928953
2023-12-28,100117.25,100117.25,263752.0,0.4032943478260869,25.0293,-970.730876,-995.760176,,50544.009999999995,49573.240000000005,23,1,2,1.019582540903116
2023-12-29,569559.72,569559.72,15843.60258,3836.17816,142.389901,508.92214299999995,366.532242,,309568.7400000001,259990.97999999998,50,1,4,1.1906903077945248
2023-12-30,702550.21,702550.21,158399.89232,13421.615271153847,175.637526,354.998648,179.36112199999997,,326054.41,376495.8,52,1,3,0.8660240300157398
2024-01-01,264239.52999999997,264239.52999999997,4178.78664,10373.330666666667,66.059867,-129.53146,-195.59132699999998,,132184.58000000002,132054.95,18,1,3,1.0009816368110396
2024-01-02,121348.74,121348.74,208218.35486,10199.892598764705,30.337176,783.979116,753.64194,,60282.32000000001,61066.420000000006,17,1,2,0.9871598826327137
2024-01-03,394499.36,394499.36,64502.1274,738.8837898507463,98.624811,866.015507,767.390696,,196816.89999999997,197682.46,67,1,6,0.9956214628247745
2024-01-04,99792.54000000001,99792.54000000001,45.0958,2212.62,24.948132,-67.60364,-92.551772,,49930.07,49862.47,5,1,1,1.0013557290683754
2024-01-05,1703942.66,1703942.66,251.80766,30495.46818181818,425.985639,164.141565,-261.844074,,851889.51,852053.15,66,1,2,0.9998079462531181
2024-01-06,298521.4,298521.4,7077.42664,6586.107318181818,74.630342,135.58166400000002,60.95132200000004,,149192.99,149328.41,22,1,3,0.9990931397448081
2024-01-07,1048850.06,1048850.06,165182.52107,7513.911021649485,262.212464,-835.681235,-1097.893699,,552950.84,495899.2199999999,97,1,8,1.1150468032597431
2024-01-08,1522452.43,1522452.43,108119.81523000001,15078.63093734375,380.613064,-269.874439,-650.4875030000002,,734253.79,788198.64,128,1,6,0.931559321137626
2024-01-09,870051.97,870051.97,129356.31168,14127.109546714286,204.012928,-826.349863,-1030.3627910000002,,434438.58999999997,435613.38,70,1,6,0.9973031360974265
2024-01-10,2057479.48,2057479.48,200302.43156,12914.76879230052,434.044865,-1517.091342,-1951.136207,,1029498.32,1027981.1599999999,193,1,5,1.0014758636238041
2024-01-11,305314.1,305314.1,846.43972,12141.70542857143,75.867171,-164.08950099999998,-239.95667199999997,,175805.96000000002,129508.13999999998,21,2,3,1.3574896527739495
2024-01-12,200082.27,200082.27,1542.27934,39774.47142857143,49.480726999999995,-1925.519024,-1974.999751,,102003.63999999998,98078.63,7,1,2,1.0400190133161524
2024-01-15,50636.1,50636.1,1.43192,16738.085714285717,12.652712,152.85358,140.200868,,50006.24,629.86,14,2,2,79.39262693296922
2024-01-16,116427.33,116427.33,2608.18062,19105.61008888889,17.319309,-2299.171458,-2316.4907670000002,,20587.079999999998,95840.25,9,2,3,0.21480620094375796
2024-01-17,800831.03,800831.03,4055.02266,20112.302,159.707606,813.2741110000001,653.566505,,400008.8400000001,400822.19000000006,53,1,2,0.9979707959781369
2024-01-18,424631.52999999997,424631.52999999997,93.72578,24363.11304347826,92.657901,68.93319,-23.724710999999996,,224782.04000000004,199849.49,46,1,2,1.1247566356061256
2024-01-19,428428.97,428428.97,1754.7376,14421.93125,93.051868,-385.419235,-478.471103,,202906.83000000002,225522.14,48,2,3,0.8997202225910059
2024-01-20,1070090.51,1070090.51,256540.35666,14671.724672933962,267.522583,-146.57487000000003,-414.097453,,559236.61,510853.9,106,1,16,1.0947094854321362
2024-01-21,103129.74,103129.74,44252.23533,19141.940333454546,25.78243,266.58114600000005,240.79871599999998,,50298.229999999996,52831.51,11,1,4,0.9520498278394843
2024-01-22,337878.99,337878.99,156977.46867,6179.383261176471,67.478268,1375.640959,1308.162691,,182839.01,155039.97999999998,85,2,10,1.1793023322113434
2024-01-23,414518.93000000005,414518.93000000005,87110.23871,11768.913676111111,85.72457,-369.2447299999998,-454.96929999999986,,241287.67000000004,173231.26,45,1,8,1.3928644864673965
2024-01-24,965084.59,965084.59,48160.40059,16861.48394732353,227.771095,-2808.353815,-3036.12491,,448494.4700000001,516590.12,68,1,4,0.8681824383323477
2024-01-25,66566.13,66566.13,756.8299999999999,87.95416666666667,16.641532,-3093.6293849999997,-3110.270917,,0.0,66566.12999999999,6,1,1,0.0
2024-01-26,11773.21,11773.21,95267.0,0.1198688,0.444235,90.2,89.755765,,7100.21,4673.0,5,2,2,1.5194115129467152
2024-01-28,18109.03,18109.03,1068.0,16.956,-0.362176,-2478.06972,-2477.707544,,0.0,18109.03,11,1,1,0.0
2024-01-29,414208.18,414208.18,237603.48712,15636.855511594595,103.26260500000001,486.562542,383.299937,,206971.57,207236.61000000002,74,2,11,0.9987210753930013
2024-01-30,401011.38,401011.38,91.43791999999999,27371.991836734695,100.25281,-173.65419100000003,-273.90700100000004,,200592.61000000004,200418.77000000002,49,1,2,1.000867383828371
2024-01-31,6305647.13,6305647.13,42786.30905,28200.90456028405,1549.411475,-799.840817,-2349.252292,,3176802.63,3128844.5,859,1,8,1.0153277447952431
2024-02-01,2008.18,2008.18,44986.0,0.07612616666666668,0.5020439999999999,0.0,-0.5020439999999999,,2008.18,0.0,6,1,3,
2024-02-02,474278.43,474278.43,42139.736820000006,15601.771341142858,91.569636,456.423473,364.853837,,235899.96,238378.47,42,1,3,0.989602626445249
2024-02-03,603820.0,603820.0,9661.26755,29939.640223214286,109.662349,223.30918699999998,113.64683800000003,,300826.92000000004,302993.07999999996,56,1,3,0.99285079382011
2024-02-04,203187.53,203187.53,20905.14109,12108.636457142857,50.52688,47.62389499999999,-2.9029850000000166,,103415.98,99771.55,35,1,4,1.0365277476394823
2024-02-05,770198.26,770198.26,29741.6286,15958.2223625,165.549465,-33.45419400000003,-199.00365900000008,,385115.98000000004,385082.28,72,1,4,1.0000875137645908
2024-02-06,8047153.41,8047153.41,55455572.2847,22118.307961134193,988.606997,-215.615907,-1204.222904,,4028968.6799999997,4018184.73,1088,1,5,1.002683786516704
2024-02-07,6758.73,6758.73,13261.9,3.98582,0.339693,241.24212,240.902427,,2258.76,4499.969999999999,15,1,2,0.5019500130000868
2024-02-08,26051.12,26051.12,5609953.100000001,10.0228845,3.0028870000000003,770.756024,767.7531369999999,,2867.9500000000003,23183.17,10,1,5,0.1237082763056131
2024-02-11,212311.82,212311.82,26558.56903,17890.449081970586,24.955292,983.443176,958.487884,,110772.35999999999,101539.46,34,1,5,1.090929181620623
2024-02-12,227247.69999999998,227247.69999999998,1017.55939,28717.7418125,27.111911,913.8817869999998,886.7698759999998,,113026.08,114221.62,16,1,3,0.9895331549316145
2024-02-13,1999.99,1999.99,33158.0,0.06054285714285714,-0.039992,559.44389,559.483882,,0.0,1999.99,14,1,1,0.0
2024-02-14,320839.88,320839.88,160839.68529,5443.060992846847,22.917474000000002,3830.599833,3807.682359,,157749.97999999998,163089.9,111,2,9,0.967257813022143
2024-02-15,185188.04,185188.04,48598.78529,2750.1658545873015,30.706297,1840.797677,1810.09138,,90173.23000000001,95014.80999999998,63,2,7,0.949043943780975
2024-02-16,564896.51,564896.51,12368863.14415,696.7813038571429,27.22517,5491.768834,5464.543664,,280077.6,284818.91000000003,182,2,7,0.9833532471562367
2024-02-17,406118.07,406118.07,222280.10915,3403.646719574468,62.055053,1929.6418,1867.586747,,203717.67,202400.4,94,2,9,1.0065082381260118
2024-02-18,157048.17,157048.17,172143.4,3.395497731958763,-3.140925,477.6248299999999,480.7657549999999,,78285.28,78762.89,97,1,5,0.9939361036650636
2024-02-19,286377.2,286377.2,272054.00084,2068.0068288118814,14.85262,4317.768563,4302.915943,,141029.74000000002,145347.46,101,2,6,0.9702938049278607
2024-02-20,119419.72,119419.72,69782.00042,2681.8062438974357,3.073675,3263.628824,3260.555149,,57328.05,62091.670000000006,39,2,6,0.9232808523268902
2024-02-21,108047.51999999999,108047.51999999999,171181.54,27.589205454545457,2.970629,1858.7985700000002,1855.827941,,58097.17,49950.35,22,2,4,1.1630983566681714
2024-02-22,373033.87,373033.87,169921.40042,1175.5737064772727,25.45258,3894.1050699999996,3868.6524899999995,,187070.26,185963.61,88,2,5,1.0059508954466954
2024-02-23,111106.14,111106.14,43567.40042,725.5068307692308,-2.067069,1418.55293,1420.619999,,54843.8,56262.34,143,1,3,0.9747870422737485
2024-02-25,4480.13,4480.13,7900.0,0.5663259999999999,-0.0896,-30.7705,-30.6809,,2255.4500000000003,2224.6800000000003,5,1,1,1.013831202689825
2024-02-26,192187.14,192187.14,67296.0,5.614911538461539,-0.09772499999999981,4416.8473,4416.945025,,93635.16,98551.98,39,2,3,0.9501093737538303
2024-02-27,209362.3,209362.3,117294.88,36.161129396825395,-3.761609,888.511733,892.2733420000001,,103236.92,106125.37999999999,63,2,7,0.972782570955223
2024-02-28,171107.13,171107.13,8904445.6,1.2982939111111111,-1.377152,2503.747235,2505.124387,,84301.61000000002,86805.51999999999,45,1,3,0.9711549449850657
2024-02-29,395666.73,395666.73,7553065.18,11.306912146551724,1.3590849999999999,9813.996992,9812.637907,,181173.19999999995,214493.53,116,2,8,0.8446557805263402
2024-03-01,472974.7,472974.7,25984676.0,2.725657408759124,-0.546854,8244.241409,8244.788263,,232365.24000000002,240609.46000000005,137,1,7,0.9657360936681374
2024-03-02,63197.56,63197.56,651733.0,0.8005309032258064,-0.4691290000000001,230.90060000000005,231.36972899999995,,32233.279999999995,30964.280000000002,31,2,4,1.0409827065250667
2024-03-03,390745.68,390745.68,48774887.74,3.0333498607594938,-2.507103,8361.086245,8363.593348,,191192.29000000004,199553.39000000004,79,1,8,0.9581009372980334
2024-03-04,1577996.87,1577996.87,36892599.52038,419.88134141,-0.559449,27799.775742,27800.335191,,777323.2,800673.6699999999,300,2,15,0.9708364707434428
2024-03-05,841810.32,841810.32,44987293.0,0.3816785944444444,-4.438459,19791.026041,19795.464500000002,,407410.3399999999,434399.9799999999,180,1,5,0.9378691499939755
2024-03-06,327218.02,327218.02,10955146.0,1.7171503902439025,-3.355318,6814.825139,6818.1804569999995,,160201.6,167016.42,82,1,6,0.9591967065274181
2024-03-08,183583.18,183583.18,3448270.8,2.9131835970149256,-3.6716290000000003,4271.886236,4275.557865,,89875.48,93707.70000000001,67,1,5,0.9591045346326927
2024-03-09,658178.75,658178.75,17984276.7,15.9975568974359,1.8517640000000002,9949.501624,9947.64986,,324113.79,334064.9600000001,117,1,6,0.970211871367772
2024-03-10,219973.85,219973.85,32040.08,34.630716666666665,2.281072,2482.9272,2480.646128,,108745.45000000001,111228.4,42,1,3,0.9776770141438699
2024-03-11,176519.44999999998,176519.44999999998,139371.0,2.647672619047619,8.47289,3588.179495,3579.7066050000003,,86465.61,90053.84,42,1,2,0.9601546141730325
2024-03-12,103040.85,103040.85,11404.0,9.235375,4.945953,3039.166,3034.220047,,50000.84,53040.009999999995,8,1,1,0.9427004255843844
2024-03-13,6000.799999999999,6000.799999999999,1.5126,3979.957142857143,2.100278,0.0,-2.100278,,6000.799999999999,0.0,7,1,1,
2024-03-14,205933.18,205933.18,563982.3126000001,252.0171572222222,11.716792,3465.865832,3454.14904,,98233.32,107699.85999999999,18,2,3,0.9121025784063231
2024-03-15,351894.41,351894.41,11725690.8947,502.81406972580646,49.485003,6236.513651,6187.0286479999995,,170450.30999999997,181444.10000000003,62,3,6,0.939409493061499
2024-03-16,37223.66,37223.66,1112354.4242,2750.4022475,10.52828,228.57984,218.05156,,21000.38,16223.279999999999,8,2,2,1.294459566746059
2024-03-17,99506.95,99506.95,573.1383000000001,2191.606,33.763329,503.293955,469.5306259999999,,42752.979999999996,56753.97,23,3,4,0.753303777691675
2024-03-18,90458.08,90458.08,19900.3233,2238.5484684210523,24.943279999999998,1456.9577,1432.01442,,59000.43,31457.649999999998,19,3,3,1.8755510980635872
2024-03-19,219884.84,219884.84,176263.0849,575.3537,25.988312,668.797973,642.809661,,119141.29,100743.55000000002,24,3,4,1.1826195324663462
2024-03-20,215705.85,215705.85,197774.3712,193.64368536231885,39.878838,6423.134599,6383.255760999999,,98391.58000000002,117314.27,69,2,6,0.8387008673369405
2024-03-21,117895.57,117895.57,160612.8186,124.34982285714285,16.394750000000002,2335.5080749999997,2319.1133250000003,,62652.13,55243.44,28,3,3,1.1341098599218296
2024-03-24,92592.20999999999,92592.20999999999,10235.8,8.960757894736842,8.888837,1297.018477,1288.12964,,45647.57,46944.64,19,1,1,0.9723702216057041
2024-03-25,57116.32,57116.32,15.9576,3582.2999999999997,19.990712,1302.916428,1282.925716,,0.0,57116.32,7,1,1,0.0
2024-03-26,198565.19,198565.19,33445.2556,219.49172627118645,28.147402999999997,3215.906593,3187.7591899999998,,106677.33,91887.86,118,2,3,1.160951294327673
2024-03-27,99864.79,99864.79,13722.38876,13627.738306315789,31.717952,150.41114,118.693188,,57362.41,42502.38,38,2,3,1.349628185527493
2024-03-28,35323.72,35323.72,398571.7446,803.983042,9.059229,227.85100799999998,218.791779,,27554.870000000003,7768.85,13,2,2,3.5468402659338256
2024-03-29,86914.37,86914.37,24.4455,3541.54,30.420029999999997,883.097404,852.677374,,33001.47,53912.9,15,1,1,0.6121256693667008
2024-03-30,101103.92,101103.92,517830.0,0.19727666666666666,9.939454,1100.57514,1090.635686,,50001.66,51102.259999999995,45,1,1,0.978462792056555
2024-03-31,39912.96,39912.96,11.002400000000002,3627.730769230769,13.969522000000001,912.786145,898.8166229999999,,0.0,39912.95999999999,13,1,1,0.0
2024-04-01,339470.47,339470.47,9563430.3674,1332.2278167402596,83.751362,2507.963406,2424.212044,,226977.47,112493.00000000001,77,2,4,2.017703057079107
2024-04-02,239664.50999999998,239664.50999999998,5958.1049,3060.7089024390243,80.13257399999999,883.760812,803.628238,,41398.310000000005,198266.19999999998,41,2,3,0.20880165151700092
2024-04-03,16887.57,16887.57,2310.0,8.3283,1.661201,126.7884,125.12719899999999,,13380.22,3507.35,4,2,2,3.8149086917473305
2024-04-04,95987.73,95987.73,28.284299999999998,3401.434375,33.595684999999996,0.0,-33.595684999999996,,0.0,95987.73,32,1,1,0.0
2024-04-05,503791.8,503791.8,208515.2373,330.28005890000003,103.430138,10706.484306,10603.054168,,322530.95999999996,181260.84,100,3,6,1.779374739739703
2024-04-06,68223.67,68223.67,20.4808,3328.08125,23.878277,236.33513399999998,212.45685699999999,,0.0,68223.67000000001,16,1,1,0.0
2024-04-07,49988.14,49988.14,14.7128,3398.0043478260873,17.495845,0.0,-17.495845,,0.0,49988.13999999999,23,1,1,0.0
2024-04-08,211940.64,211940.64,11492.048999999999,3295.5374166666666,61.790548,1218.4267,1156.636152,,23777.92,188162.72000000003,30,2,2,0.12636892153769883
2024-04-09,57063.840000000004,57063.840000000004,16.2979,3501.3000000000006,19.972341,0.0,-19.972341,,0.0,57063.840000000004,3,1,1,0.0
2024-04-10,351735.97,351735.97,102.5007,3433.4707317073166,123.107562,5207.443414,5084.335852,,339369.25,12366.72,41,1,1,27.44213906355121
2024-04-11,76400.96,76400.96,21.5697,3521.2125,26.740329,389.743164,363.002835,,52007.31999999999,24393.64,16,1,1,2.132003259866096
2024-04-12,442088.59,442088.59,21920455.0583,555.2924815968992,97.560875,-592.6458390000001,-690.206714,,310043.75,132044.84000000003,129,3,5,2.34801867305076
2024-04-13,486411.25,486411.25,7766240.200999999,658.6612459887641,118.999176,6621.451755,6502.452579000001,,317989.26,168421.99,89,2,6,1.8880507230676946
2024-04-14,659162.17,659162.17,120136.0098,1787.6264255140186,213.477404,-36104.012520000004,-36317.489924,,290226.24,368935.92999999993,107,2,5,0.7866575640924971
2024-04-15,291111.19,291111.19,262459.9098,230.87443634146342,40.650603999999994,3774.08872,3733.438116,,168675.52,122435.66999999998,41,2,2,1.3776664921260284
2024-04-16,181907.17,181907.17,239273.0,0.8237938510638297,18.457685,2467.702221,2449.244536,,88836.19,93070.98,47,2,2,0.954499350925498
2024-04-17,97562.99,97562.99,19114.0,4.993378571428572,10.620963,2441.4683999999997,2430.8474370000004,,47560.77,50002.22,14,1,1,0.9511731679113447
2024-04-19,337257.92000000004,337257.92000000004,109.9409,3065.0228571428574,118.04025999999999,1946.4454620000001,1828.4052020000001,,18004.649999999998,319253.26999999996,35,1,1,0.0563961333896439
2024-04-20,60733.24,60733.24,363824.8279,285.09828863636363,121.289047,0.0,-121.289047,,48733.649999999994,11999.59,22,2,2,4.061276260272225
2024-04-22,47993.61,47993.61,14.9861,3202.222222222222,16.797764,0.0,-16.797764,,0.0,47993.61,9,1,1,0.0
2024-04-23,233054.9,233054.9,187970.3303,2616.430871212121,71.308476,1119.536196,1048.2277199999999,,163962.22,69092.68000000001,66,2,2,2.3730765690374143
2024-04-24,141275.24,141275.24,43.8207,3230.17,49.446315999999996,279.185907,229.73959100000002,,92999.91,48275.33,20,1,1,1.9264479393512173
2024-04-25,120241.01,120241.01,388643.183,251.67034283783786,160.159512,0.0,-160.159512,,120241.01,0.0,74,2,2,
2024-04-26,4988.290000000001,4988.290000000001,41052.0,0.12152,1.745898,0.0,-1.745898,,0.0,4988.290000000001,3,1,1,0.0
2024-04-27,154264.47,154264.47,47.3826,3258.651851851852,53.99255,4281.488139,4227.495589,,0.0,154264.47,27,1,1,0.0
2024-04-28,43985.6,43985.6,137073.191,451.9867443103448,15.394946,0.0,-15.394946,,0.0,43985.6,58,2,2,0.0
2024-04-29,108699.01,108699.01,32635.166100000002,2245.884760888889,38.04463,526.9338359999999,488.889206,,89478.89,19220.119999999995,45,2,2,4.655480298770248
2024-04-30,125018.75,125018.75,41.3869,3023.15,43.75655,0.0,-43.75655,,125018.75,0.0,24,1,1,
2024-05-01,87025.45,87025.45,29.825,2916.8142857142857,30.458908,0.0,-30.458908,,87025.45000000001,0.0,14,1,1,
2024-05-03,282682.64999999997,282682.64999999997,42527.4724,1960.4601549999998,98.910681,5306.017045,5207.106364,,172.18,282510.47,36,3,4,0.000609464137736205
2024-05-04,58998.75,58998.75,579928.2829,2089.1695403333333,20.649559,0.0,-20.649559,,0.0,58998.74999999999,9,2,2,0.0
2024-05-05,24068.350000000002,24068.350000000002,15.6288,2099.545833333333,8.412778,0.916,-7.496778,,40.69,24027.660000000003,6,2,2,0.0016934649483137348
2024-05-06,206016.43,206016.43,66.07939999999999,3109.866666666667,72.105746,968.59038,896.484634,,179016.9,26999.53,9,1,1,6.630370973124347
2024-05-07,108717.58,108717.58,619867.0196,1715.215231,38.039061,883.537693,845.4986319999999,,40395.549999999996,68322.03,18,3,4,0.5912521920089318
2024-05-08,65973.57,65973.57,239.8835,2312.7117384615385,23.076826,1.56576,-21.511066,,65926.89000000001,46.68,13,2,3,1412.315552699229
2024-05-09,221966.12,221966.12,34670.3984,2667.6832657142854,77.688132,1147.595856,1069.9077240000001,,51001.63,170964.49000000005,28,2,2,0.2983170949710082
2024-05-10,156882.0,156882.0,53.3457,2946.254545454545,54.90869,2101.741695,2046.833005,,123891.35999999999,32990.64,22,1,1,3.755348789838572
2024-05-11,63248.95,63248.95,21.6418,2922.511111111111,22.137125,251.604742,229.46761700000002,,0.0,63248.95,9,1,1,0.0
2024-05-12,55179.56,55179.56,34544.4206,1272.34931,19.312829,0.0,-19.312829,,50200.880000000005,4978.68,23,2,3,10.083170639607285
2024-05-13,193118.9,193118.9,31390.7581,2635.7705885714286,67.591599,2136.853859,2069.26226,,39004.93,154113.97,28,2,2,0.2530914621172889
2024-05-14,145853.4,145853.4,50.1051,2912.1304347826085,51.048685,1150.5233050000002,1099.4746200000002,,145853.4,0.0,23,1,1,
2024-05-15,234922.57,234922.57,80.1172,2930.625,82.222887,948.970582,866.747695,,59980.26000000001,174942.31,36,1,1,0.34285736823756363
2024-05-16,162620.96,162620.96,26494.2319,2656.364285925926,56.91732,214.5898,157.67248,,125785.35,36835.61,27,2,2,3.4147758106897106
2024-05-18,126303.14,126303.14,40.4257,3123.796,44.206092,3522.3946610000003,3478.188569,,29889.28,96413.85999999999,25,1,1,0.31001019977833066
2024-05-19,29998.09,29998.09,9.7416,3079.425,10.499327000000001,0.0,-10.499327000000001,,29998.09,0.0,8,1,1,
2024-05-20,38124.75,38124.75,640.7617,2156.14175,13.343662,-74.818442,-88.162104,,33003.4,5121.35,10,2,2,6.444277387798139
2024-05-21,1100948.59,1100948.59,17074.50976,14134.35288,385.331944,7289.397571999999,6904.065627999999,,311227.62000000005,789720.97,125,2,3,0.39409820914341437
2024-05-22,44995.29,44995.29,12.0525,3733.3333333333335,15.748349000000001,0.0,-15.748349000000001,,0.0,44995.29,6,1,1,0.0
2024-05-23,401850.6,401850.6,2935200.9914,1108.603136243077,113.43007899999999,413.347329,299.91725,,222862.93,178987.66999999998,325,3,7,1.2451300695740664
2024-05-24,50811.899999999994,50811.899999999994,13.2158,3844.4,17.784165,821.949278,804.165113,,0.0,50811.899999999994,2,1,1,0.0
2024-05-25,29991.129999999997,29991.129999999997,8573.662,469.7218425,10.246887000000001,14.126038999999999,3.879151999999998,,27492.059999999998,2499.0699999999997,16,2,2,11.000916340878808
2024-05-26,53976.67,53976.67,5659.602,496.56757500000003,18.768190999999998,778.6839,759.915709,,494.66,53482.009999999995,16,2,4,0.009249091423452486
2024-05-27,151115.72,151115.72,1411508.5206,33.197340745019915,45.832466,1129.35587,1083.523404,,76102.26000000001,75013.45999999999,251,1,5,1.014514728423406
2024-05-29,84268.76,84268.76,226315.75152,4235.211447786585,36.876599,277.791953,240.915354,,56904.439999999995,27364.319999999996,164,2,15,2.0795122992276074
2024-05-30,2838.09,2838.09,565.27578,20348.618645714287,0.993326,20.951433,19.958107,,1783.3199999999997,1054.77,7,1,5,1.6907193037344632
2024-05-31,3636.14,3636.14,86903.8,2.152072923076923,1.272646,25.35812,24.085473999999998,,1805.38,1830.76,13,1,3,0.9861369048919575
2024-06-01,12834.62,12834.62,499938.0,1.1308718,4.492106,91.510419,87.018313,,6371.53,6463.09,25,1,3,0.9858334016700989
2024-06-02,29464.51,29464.51,31288.5,1.0599227956989248,7.792912,192.906947,185.114035,,10703.070000000002,18761.44,93,1,2,0.5704823297145636
2024-06-03,21466.86,21466.86,19199.3,1.3030562857142858,5.378086,562.808208,557.430122,,14384.740000000002,7082.12,70,1,2,2.031134744963373
2024-06-04,24243.41,24243.41,2483.33818,13394.864554716982,7.432953,52.211438,44.778485,,12095.62,12147.789999999999,53,1,4,0.9957053916802976
2024-06-05,25350.77,25350.77,2452.07392,2682.9926944444446,7.1040600000000005,56.055506,48.951446000000004,,12647.34,12703.43,54,1,3,0.9955846570571885
2024-06-06,137557.76,137557.76,71093.724,30.647596965811967,37.079424,274.173187,237.093763,,68641.61,68916.15,234,1,5,0.9960163183811053
2024-06-07,1098588.76,1098588.76,272861.1558,1232.3513694545454,372.962664,8902.467416,8529.504751999999,,749082.0900000001,349506.67,440,3,6,2.1432554920911815
2024-06-08,97351.88,97351.88,2425.2625000000003,10513.408993103449,34.073137,129.13883900000002,95.065702,,69448.02999999998,27903.85,29,2,4,2.488833261359991
2024-06-09,22410.22,22410.22,479.66769999999997,1091.865705882353,7.515775,0.0,-7.515775,,22410.219999999998,0.0,17,2,2,
2024-06-10,46587.93,46587.93,5358.5419,280.7776811320755,14.696328000000001,31.266804999999998,16.570477,,35278.46,11309.47,53,2,3,3.1193734100713826
2024-06-11,373279.92,373279.92,14340.01016,8924.726208861788,129.928213,4320.631811,4190.703598,,363850.15,9429.769999999999,123,3,7,38.58526241891372
2024-06-12,193407.96,193407.96,37105.51234,1364.4425952755905,63.921417,-21886.531493,-21950.45291,,108407.68000000001,85000.28,254,2,3,1.2753802693355836
2024-06-13,132577.22,132577.22,9103.9073,180.8725936708861,33.39975,6632.757115,6599.357365,,81621.4,50955.81999999999,79,2,4,1.6018072126010336
2024-06-14,139868.66,139868.66,11996.0793,1759.0960645161292,38.954076,10258.592609,10219.638533,,139868.65999999997,0.0,31,2,2,
2024-06-15,718350.25,718350.25,19129.9948,2138.914496153846,251.422549,3369.958346,3118.535797,,108002.32,610347.9299999999,78,2,2,0.17695205421602728
2024-06-16,25235.079999999998,25235.079999999998,6131.6,4.114990909090909,8.832277,0.0,-8.832277,,0.0,25235.079999999998,11,1,1,0.0
2024-06-17,368380.12,368380.12,25157.9899,1595.9607578947368,128.93302500000001,10599.502375,10470.56935,,250003.78999999998,118376.33,38,2,2,2.111940706389529
2024-06-18,263314.79,263314.79,1932.406,2787.8253600000003,67.160258,282.57636,215.416102,,238015.27999999997,25299.51,25,2,2,9.40790078543023
2024-06-19,417071.12,417071.12,20115.6935,1563.7263098360656,138.851743,4887.656944,4748.805201,,23168.390000000003,393902.73000000004,61,3,5,0.058817541071624464
2024-06-20,207990.8,207990.8,51788.7982,374.05558,13.46905,57478.456026,57464.986976,,0.0,207990.8,39,3,4,0.0
2024-06-21,176264.49,176264.49,7984.0992,877.39821875,61.277099,773.5582039999999,712.281105,,151239.62,25024.870000000003,80,2,3,6.043572653923876
2024-06-22,169594.27000000002,169594.27000000002,339.0564,1765.2402375,40.533382,756.876565,716.343183,,93000.1,76594.17,24,2,2,1.2141929340052906
2024-06-23,1792.12,1792.12,578.0,3.09,0.17921199999999998,0.0,-0.17921199999999998,,0.0,1792.1200000000001,5,1,1,0.0
2024-06-24,403002.8,403002.8,410.2027,2708.8659548387095,103.551001,0.0,-103.551001,,402007.20999999996,995.5899999999999,31,2,2,403.78791470384397
2024-06-25,103099.08,103099.08,31795.2,3.248285714285714,36.084651,4869.353105,4833.268454,,52649.76000000001,50449.31999999999,49,1,2,1.0436168416145157
2024-06-26,365190.66000000003,365190.66000000003,426.5723,1472.1298,127.5543,4197.732182,4070.177882,,995.8199999999999,364194.8399999999,72,2,2,0.002734305626076416
2024-06-27,130486.95,130486.95,3230.1536,1362.6499733333333,45.556012,0.0,-45.556012,,499.59,129987.36,30,2,3,0.003843373694180726
2024-06-29,280095.11,280095.11,1231633.8638,767.398007192,460.295231,6150.326145,5690.030914,,247500.26000000004,32594.850000000002,75,2,5,7.593232059665868
2024-06-30,30520.69,30520.69,278255.875,724.8069907142857,17.057669,0.0,-17.057669,,30162.32,358.37,14,2,4,84.16530401540307
2024-07-01,362670.14999999997,362670.14999999997,1227237.4996,1312.7375605675,425.323025,5065.839308,4640.516283,,18397.62,344272.52999999997,64,2,5,0.053439116969338216
2024-07-02,33347.47,33347.47,11420.300000000001,3.4119444444444444,11.458730000000001,2421.253116,2409.794386,,32849.020000000004,498.45,18,1,2,65.90233724546094
2024-07-03,179600.66,179600.66,256.5812,2039.0916666666667,62.628682,1118.387284,1055.7586019999999,,179600.65999999997,0.0,18,2,2,
2024-07-04,430568.01,430568.01,302.9901,2795.886,113.02464499999999,0.0,-113.02464499999999,,430568.01,0.0,25,2,2,
2024-07-05,272289.89,272289.89,5354.8189999999995,1837.889625,95.130717,0.0,-95.130717,,272289.89,0.0,32,2,3,
2024-07-06,2490.17,2490.17,983577.0,1.10232597125,344.35416,108.87217799999999,-235.481982,,873.43,1616.74,24,1,3,0.5402414735826416
2024-07-07,498.75,498.75,125.0,3.9900000000000007,0.049875,61.428942,61.379067,,0.0,498.74999999999994,10,1,1,0.0
2024-07-08,497.64,497.64,156.0,3.19,0.0156,0.0,-0.0156,,497.64,0.0,1,1,1,
2024-07-09,2736.45,2736.45,600.0,4.546446666666666,0.39756800000000003,648.984412,648.586844,,0.0,2736.4500000000003,15,1,1,0.0
2024-07-10,687900.21,687900.21,6773.8043,2410.4582857142855,240.76504,11977.734907,11736.969867,,60003.340000000004,627896.87,56,2,3,0.09556241298033545
2024-07-11,169887.02,169887.02,53.826499999999996,3151.1421052631576,59.460443,1876.812082,1817.351639,,84005.88,85881.14,19,1,1,0.9781644724324806
2024-07-12,89582.97,89582.97,6408.3182,1621.380905263158,31.354029,1412.314654,1380.9606250000002,,89582.97000000002,0.0,19,2,2,
2024-07-13,139189.19,139189.19,119.9226,2416.179635294118,48.71621,2913.617837,2864.9016269999997,,0.0,139189.19,17,2,2,0.0
2024-07-14,84001.13,84001.13,26.2683,3194.1857142857143,29.400389,0.0,-29.400389,,0.0,84001.13,7,1,1,0.0
2024-07-15,198344.85,198344.85,249.8487,2752.5296153846157,68.995769,-1.0,-69.995769,,15176.0,183168.85,26,2,2,0.08285251558875868
2024-07-16,144000.57,144000.57,41.7464,3446.881818181818,50.400180999999996,0.0,-50.400180999999996,,0.0,144000.57,22,1,1,0.0
2024-07-17,626005.53,626005.53,148888.4638,92.99230740740741,206.601913,1859.269477,1652.667564,,214452.87999999998,411552.64999999997,351,3,3,0.5210824909036548
2024-07-18,649704.85,649704.85,2916.6704,2995.8028266666665,227.396664,3803.884311,3576.487647,,649704.85,0.0,60,2,2,
2024-07-19,150269.42,150269.42,800.5319999999999,8050.626695652173,52.594288,2155.891114,2103.296826,,999.73,149269.69,23,2,3,0.006697474885892776
2024-07-20,244362.21,244362.21,32883.8745,124.94923650375941,80.758418,2299.169566,2218.411148,,129467.37000000002,114894.84,266,2,5,1.1268336332597706
2024-07-21,234307.46,234307.46,59706.7453,27.973419642857145,64.72334,-2960.716887,-3025.440227,,128967.69,105339.77,448,2,4,1.2243019896474048
2024-07-22,304213.8,304213.8,19037.4927,481.8778051948052,97.459536,1517.119876,1419.66034,,150754.77999999997,153459.01999999996,154,2,3,0.9823780967713727
2024-07-23,358526.54,358526.54,65463.9188,23.578924594594596,59.243126000000004,89890.302206,89831.05908,,109979.58,248546.96,370,3,3,0.44249014351251775
2024-07-24,69207.93,69207.93,109521.54280475,115.88352861011111,55.067279,625.561479,570.4942,,58104.34000000001,11103.59,90,5,27,5.232932772193498
2024-07-25,528555.31,528555.31,398195.65057999996,2688.136446210769,224.185916,916.7382600000001,692.5523440000001,,528554.37,0.94,78,3,4,562291.8829787234
2024-07-26,548587.65,548587.65,269229.167597,826.2452972302632,206.567015,2766.513113,2559.946098,,220488.86000000002,328098.79,152,4,4,0.672019729179739
2024-07-27,905199.75,905199.75,2091.77823,2922.802513681579,316.819894,6400.623656,6083.803762,,112007.31000000001,793192.4400000001,57,2,3,0.14121076343087688
2024-07-28,43254.68,43254.68,4913.6029,607.7397125,15.139122,587.29903,572.159908,,40755.82,2498.86,16,2,2,16.309765252955348
2024-07-29,327199.14,327199.14,5057.07922,48349.08078974359,114.519684,330.80445399999996,216.28477,,162007.55000000002,165191.59,39,2,2,0.9807251688781494
2024-07-30,36006.47,36006.47,10.9261,3295.4833333333336,12.602264,0.0,-12.602264,,36006.47,0.0,6,1,1,
2024-07-31,84506.54,84506.54,44585.1777,256.78039232558143,29.577267000000003,765.690884,736.113617,,64549.02999999999,19957.510000000002,43,2,4,3.2343228188286006
2024-08-01,227774.53,227774.53,292827.2818435,18740.473002526316,108.095036,167.080017,58.98498099999998,,215603.35999999996,12171.169999999998,57,4,6,17.714267404037574
2024-08-02,396320.37,396320.37,68333.3740408,14406.321016984128,145.520462,782.3681909999999,636.847729,,330999.70999999996,65320.659999999996,63,3,5,5.067305045601192
2024-08-03,290532.86,290532.86,71917.87894000001,2718.8256902127027,108.653106,464.1897,355.53659400000004,,290532.21,0.65,37,5,4,446972.6307692308
2024-08-04,1207744.07,1207744.07,227049.7193107,11138.705859755904,445.902235,-122672.000883,-123117.903118,,331369.00999999995,876375.0599999999,127,5,5,0.3781132361297456
2024-08-05,420495.4,420495.4,422142.75432,14847.670722625,202.719158,-13013.665169,-13216.384327,,236714.5,183780.90000000002,80,4,6,1.2880255782837062
2024-08-06,61478.38,61478.38,305641.96643,1056.048024274299,62.621279,267.318048,204.696769,,60634.14,844.2400000000002,107,2,16,71.8209750781768
2024-08-07,2492.77,2492.77,29210.93451012,1.594288883939394,3.7522038,188.789255,185.0370512,,1298.1799999999998,1194.5900000000001,33,3,14,1.0867159443825913
2024-08-08,16299.35,16299.35,14545.8545382,520.3884688888888,6.647995,-40.712216999999995,-47.360212,,15840.07,459.28,9,2,4,34.488917435986764
2024-08-09,503204.86,503204.86,84372.3108,4675.996384345139,185.25438068,18082.071276,17896.81689532,,52518.94,450685.92,144,5,8,0.11653113103688707
2024-08-10,11339.29,11339.29,155667.97957,1.8675185526136362,50.0831879,0.0,-50.0831879,,11338.609999999999,0.68,88,2,4,16674.42647058823
2024-08-11,44230.21,44230.21,95524.24650000001,892.9076233333334,40.931287,847.7766200000001,806.845333,,3390.36,40839.85,24,2,2,0.08301597581773684
2024-08-12,54167.32,54167.32,59463.483204000004,855.5521279583332,36.071895,858.6705000000001,822.598605,,46667.44999999999,7499.869999999999,48,3,5,6.222434522198384
2024-08-13,20797.87,20797.87,147711.88290362002,458.5604338260869,17.932876999999998,212.08102,194.148143,,20796.76,1.11,23,3,5,18735.819819819815
2024-08-14,66710.03,66710.03,73630.204824,971.82196148,46.493106,2168.9015130000003,2122.4084070000004,,27041.080000000005,39668.950000000004,25,3,3,0.6816686602493891
2024-08-15,1522.3700000000001,1522.3700000000001,47151.0,0.032253416666666666,16.50261,0.0,-16.50261,,1522.3700000000001,0.0,12,1,1,
2024-08-16,166382.84,166382.84,68634.52886,13243.149667228572,81.187942,825.230544,744.042602,,90550.49,75832.34999999999,35,2,4,1.1940878793812932
2024-08-17,30248.96,30248.96,178685.85,0.17191166666666666,17.096539,-288.283113,-305.379652,,30037.260000000002,211.7,30,2,2,141.8859707132735
2024-08-18,62804.48,62804.48,23.72880553,2467.2810786666664,21.981557000000002,307.201888,285.220331,,0.0,62804.48,15,2,2,0.0
2024-08-19,100315.03,100315.03,1.71498,58542.625,35.110258,339.69958299999996,304.58932500000003,,49987.69,50327.340000000004,8,1,1,0.9932511831541265
2024-08-20,49914.8,49914.8,8076.92,1739.2645333333332,17.470174,192.602844,175.13267000000002,,29918.190000000002,19996.61,12,2,3,1.49616309964539
2024-08-21,104990.41,104990.41,44587.9221,141.46601248275863,36.746583,656.200925,619.454342,,56915.63,48074.78,145,2,6,1.1838978774317843
2024-08-23,63509.56,63509.56,23.667,2683.83,22.228341999999998,1005.30527,983.076928,,0.0,63509.56,10,1,1,0.0
2024-08-24,34999.67,34999.67,5.73838,46230.142857142855,12.249882,0.0,-12.249882,,0.0,34999.67,7,2,2,0.0
2024-08-25,21950.28,21950.28,55163.47627,19585.087261176468,26.303603,0.0,-26.303603,,1954.64,19995.64,17,2,3,0.09775331022162832
2024-08-26,92611.27,92611.27,140.9642,2263.875,32.302932,231.236918,198.933986,,92611.27,0.0,6,2,2,
2024-08-27,70250.16,70250.16,87488.24118,372.7858502784,52.053552,0.0,-52.053552,,70249.38,0.78,50,2,4,90063.3076923077
2024-08-28,71160.06999999999,71160.06999999999,19.876250000000002,15309.777777777777,24.906026,1333.359645,1308.453619,,71160.06999999999,0.0,9,2,2,
2024-08-29,9995.85,9995.85,0.1644,60802.0,3.498547,0.0,-3.498547,,0.0,9995.85,1,1,1,0.0
2024-08-30,37233.24,37233.24,5449.0260444,11097.769382833334,13.031175999999999,256.464,243.432824,,37231.93,1.31,6,4,4,28421.32061068702
2024-08-31,107507.43000000001,107507.43000000001,23355.38432,11030.937086423235,39.955315,10.882801,-29.072513999999998,,51999.479999999996,55507.95000000001,34,3,5,0.9367933782458185
2024-09-01,12359.68,12359.68,5846.961139999999,44.57331249999999,4.325861,137.433093,133.107232,,7860.6900000000005,4498.99,12,1,4,1.7472121520607962
2024-09-02,30000.42,30000.42,12.3657,2426.1,10.500148,0.0,-10.500148,,30000.42,0.0,2,1,1,
2024-09-04,131480.97,131480.97,52210.38311,5402.028013264706,63.570226999999996,1065.785132,1002.214905,,83721.49,47759.48,34,2,4,1.7529816070024213
2024-09-05,0.84,0.84,10818.93703,7.79e-05,0.0,0.0,0.0,,0.0,0.84,1,1,1,0.0
2024-09-06,39047.1,39047.1,1449.6331,215.73034285714286,13.666476,-1104.856765,-1118.523241,,34990.67,4056.4300000000003,42,2,2,8.625976536018124
2024-09-08,0.11,0.11,0.93414,0.11756,0.0,0.0,0.0,,0.0,0.11,1,1,1,0.0
2024-09-09,4014.4300000000003,4014.4300000000003,349080.0,0.0115,34.9079,0.0,-34.9079,,4014.4300000000003,0.0,2,1,1,
2024-09-10,2547.28,2547.28,66673.7621,1557.6705000000002,7.2904,-219.729659,-227.020059,,766.74,1780.54,3,2,2,0.43062217080211623
2024-09-11,0.54,0.54,35870.82982,1.5e-05,0.0,0.0,0.0,,0.0,0.54,1,1,1,0.0
2024-09-14,1014.8000000000001,1014.8000000000001,88358.33644,0.010652363636363637,30.381330000000002,0.0,-30.381330000000002,,1014.1500000000002,0.65,11,2,2,1560.2307692307695
2024-09-18,13633.5,13633.5,81796.0,3.120756620689655,31.732943,-878.684794,-910.417737,,1011.5,12622.0,145,1,2,0.0801378545396926
2024-09-19,1521.8700000000001,1521.8700000000001,81738.0,0.9843423684210526,28.60766,0.0,-28.60766,,1521.8700000000003,0.0,19,1,2,
2024-09-20,332873.38,332873.38,7603.34105,17153.90225,109.317031,9585.03428,9475.717249,,19999.800000000003,312873.58,16,2,3,0.0639229429343315
2024-09-21,165648.12,165648.12,38533.5,4.30038695652174,57.976841,36165.56933,36107.592489,,0.0,165648.12,23,1,1,0.0
2024-09-22,19999.739999999998,19999.739999999998,0.31897,62701.0,6.999907,0.0,-6.999907,,19999.739999999998,0.0,3,1,1,
2024-09-23,40334.29,40334.29,0.6335,63672.0,14.117002000000001,334.760796,320.643794,,9999.99,30334.3,2,1,1,0.32965949436776193
2024-09-24,7118.63,7118.63,36943.229999999996,0.4286068,12.966142,0.0,-12.966142,,1005.06,6113.57,10,2,3,0.16439821577245373
2024-09-25,52754.130000000005,52754.130000000005,670.29859,42295.14844444444,17.764677,0.0,-17.764677,,50001.11,2753.02,9,2,2,18.162276336532244
2024-09-26,113711.93000000001,113711.93000000001,8342.780780000001,24173.9921375,31.348204,439.812513,408.464309,,0.0,113711.93,8,2,2,0.0
2024-09-27,126097.04,126097.04,6413.993329999999,11807.956114285715,37.503311,0.0,-37.503311,,0.0,126097.04,56,2,2,0.0
2024-09-28,29199.21,29199.21,7119.320000000001,4.101,2.8031200000000003,0.0,-2.8031200000000003,,0.0,29199.21,4,1,1,0.0
2024-09-30,214669.85,214669.85,9188.664999999999,6063.712550943396,65.637576,2710.626288,2644.988712,,177280.90000000002,37388.95,106,2,2,4.74153192320191
2024-10-01,139954.32,139954.32,2.25636,62044.5,48.98401,0.0,-48.98401,,139954.32,0.0,4,1,1,
2024-10-02,99954.34,99954.34,1.64099,60911.0,34.984016999999994,0.0,-34.984016999999994,,99954.34000000001,0.0,4,1,1,
2024-10-03,132935.69,132935.69,3777.99039,26799.238066666665,46.527491000000005,100.375782,53.848290999999996,,126422.16,6513.530000000001,9,2,2,19.409162159382085
2024-10-04,0.34,0.34,307.367829,0.0011,0.0,0.0,0.0,,0.0,0.34,1,1,1,0.0
2024-10-05,605605.74,605605.74,2278.873416,60568.594601856756,211.961771,5767.161892,5555.200121,,99960.65,505645.09,37,2,2,0.19768935163594684
2024-10-06,300130.56,300130.56,4.8180499999999995,62166.40909090909,105.045693,130.487079,25.441386,,40001.08,260129.48,22,1,1,0.15377372837557665
2024-10-07,219984.65,219984.65,3.4539,63684.42857142857,76.994616,0.0,-76.994616,,0.0,219984.65000000002,21,1,1,0.0
2024-10-08,434584.13,434584.13,414.530151,58825.33341509444,152.10422,5396.546638,5244.4424180000005,,434583.53,0.6,36,2,2,724305.8833333334
2024-10-09,220399.93,220399.93,3.5594,61800.92857142857,77.139967,396.06272,318.922753,,160003.27000000002,60396.659999999996,14,1,1,2.6492072574874177
2024-10-10,300024.33999999997,300024.33999999997,5.04899,59323.25,105.00851,0.0,-105.00851,,300024.34,0.0,16,1,1,
2024-10-11,488904.19,488904.19,4520.60588,59195.38462157692,171.116194,8885.327477,8714.211283,,0.0,488904.19,26,2,2,0.0
2024-10-12,159713.4,159713.4,2.54599,62726.0,55.899685,541.55471,485.65502499999997,,109582.25000000001,50131.15,10,1,1,2.185911354517102
2024-10-13,60002.42,60002.42,0.95706,62778.2,21.000841,0.0,-21.000841,,60002.42,0.0,10,1,1,
2024-10-14,61916.020000000004,61916.020000000004,0.95706,64693.8,21.670604,1913.61958,1891.948976,,0.0,61916.02,5,1,1,0.0
2024-10-15,81173.36,81173.36,1.22058,66652.28571428571,28.410673,1170.2260760000001,1141.815403,,40001.57,41171.79,7,1,1,0.971577140561535
2024-10-16,80229.17,80229.17,1.18732,67576.54545454546,28.080204000000002,219.480876,191.400672,,40004.850000000006,40224.32,11,1,1,0.9945438480998562
2024-10-17,140531.75,140531.75,2.09306,67400.11111111111,49.186107,36.11496,-13.071147000000003,,120496.39000000001,20035.36,9,2,1,6.0141864184122475
2024-10-18,120331.43000000001,120331.43000000001,1.78975,67397.0,42.115998,333.219141,291.103143,,10000.41,110331.02,6,1,1,0.09064005752869864
2024-10-19,99996.86,99996.86,1.46394,68391.25,34.998901000000004,0.0,-34.998901000000004,,99996.86,0.0,4,1,1,
2024-10-20,176447.86000000002,176447.86000000002,52199.2564,4280.33074875,59.257459,389.155797,329.898338,,24302.47,152145.39,96,2,4,0.15973188540250874
2024-10-21,324117.99,324117.99,109550.91603,4316.762150867052,109.858043,2464.915564,2355.057521,,248317.61000000004,75800.38,173,2,2,3.275941492641594
2024-10-22,60000.36,60000.36,0.8949,67047.0,21.000124,0.0,-21.000124,,60000.36,0.0,3,1,1,
2024-10-23,210006.07,210006.07,55.42812,30954.322222222225,73.502111,-46.489941,-119.992052,,140031.91999999998,69974.15,18,1,2,2.001195012729701
2024-10-25,427883.18,427883.18,8005.94794,56633.085333333336,143.841914,13235.862071,13092.020156999999,,113298.98999999999,314584.19,30,2,2,0.36015474903554434
2024-10-26,88668.86,88668.86,32797.51,2.6499333333333337,8.512204,42471.99413,42463.481926,,88668.85999999999,0.0,6,1,1,
2024-10-27,90664.41,90664.41,1.33847,67737.75,31.73254,666.6623079999999,634.929768,,0.0,90664.41,4,1,1,0.0
2024-10-28,121495.25,121495.25,6180.7549500000005,52838.49888384615,42.27334,167.28016200000002,125.00682200000003,,0.0,121495.25,13,2,2,0.0
2024-10-29,613267.8099999999,613267.8099999999,6307.65733,51081.13156396226,214.643714,801.170876,586.527162,,1697.55,611570.26,53,2,7,0.002775723593884372
2024-10-30,11830.85,11830.85,16339.813900000001,646.6885008,3.596988,9.150023,5.5530349999999995,,3891.9700000000003,7938.88,25,1,4,0.49024169656173167
2024-10-31,896173.36,896173.36,6851.27557,42753.894183125,312.710928,1214.043811,901.332883,,845280.32,50893.04,48,3,7,16.608957138343474
2024-11-01,260981.03,260981.03,57939.29527,27379.532136956524,90.654875,1040.475736,949.820861,,144964.22999999998,116016.79999999999,23,2,2,1.2495106743161335
2024-11-02,40000.0,40000.0,0.58072,68880.0,13.999997,0.0,-13.999997,,40000.0,0.0,2,1,1,
2024-11-03,129055.66,129055.66,129416.61818,45208.04899166667,40.404152,0.0,-40.404152,,129055.66,0.0,6,2,2,
2024-11-04,451811.97,451811.97,129421.2777,49681.014294444445,158.13418000000001,2799.410474,2641.2762940000002,,159968.74,291843.23000000004,36,2,2,0.5481324339783382
2024-11-05,200627.23,200627.23,2.96249,67511.4,70.219524,678.4759280000001,608.256404,,49990.48,150636.75,10,1,1,0.33186111622827763
2024-11-06,123906.9,123906.9,11683.6737,58370.23423933333,43.36741,2817.83723,2774.46982,,60544.56,63362.34,15,2,2,0.9555291045122387
2024-11-07,111335.3,111335.3,132565.51276,1338.6989985840708,26.17844238,4493.353136,4467.17469362,,55020.3,56315.0,113,3,5,0.9770096777057623
2024-11-08,270700.44,270700.44,8026.56244,46749.91446666667,93.87825699999999,-64.41354100000007,-158.29179800000006,,135382.44999999998,135317.99000000002,39,2,2,1.0004763594256756
2024-11-09,193384.41,193384.41,77022.8972,8015.27303244186,66.18450299999999,102.90894,36.724437,,167837.69999999998,25546.71,86,2,4,6.569836194171382
2024-11-10,413636.7,413636.7,840527.93569,22619.335545589594,142.313546,991.114334,848.800788,,87998.01000000001,325638.68999999994,173,3,10,0.2702320476722223
2024-11-11,1570572.42,1570572.42,3050577.40352,6882.198738908847,396.91055,6749.630996,6352.720446,,373601.30999999994,1196971.11,373,4,13,0.31212224495543583
2024-11-12,1226354.52,1226354.52,144432.45464,33638.82797450292,427.904853,3494.399394,3066.494541,,804319.9299999999,422034.58999999997,171,4,5,1.9058151844852338
2024-11-13,515336.37,515336.37,81116.91647000001,46411.560992520834,179.184068,7846.402274,7667.2182060000005,,71147.62,444188.75,48,5,5,0.16017429527424995
2024-11-14,1008361.81,1008361.81,5189260.03874,33402.97117528182,335.028802,4563.509225,4228.480423,,501900.39,506461.42,110,2,3,0.9909943189749775
2024-11-15,1427858.42,1427858.42,21773.26548,47181.7405247651,466.427513,4140.740438,3674.312925,,727591.16,700267.2600000001,149,4,4,1.0390192453092837
2024-11-16,303296.07,303296.07,163784.50782,8005.464557764331,100.171303,2769.521909,2669.350606,,156831.86000000002,146464.21,157,4,12,1.0707862350809116
2024-11-17,1215987.57,1215987.57,118664.53501,13599.930072669855,271.111689,882.975285,611.863596,,383838.62000000005,832148.95,209,4,15,0.4612619171123151
2024-11-18,2084339.58,2084339.58,762850.39811,13431.133118797688,445.104339,4470.815187,4025.710848,,484928.60000000003,1599410.9800000002,346,7,23,0.30319199134171254
2024-11-19,628031.15,628031.15,617141.86239,15993.576337872131,201.486933,2958.268991,2756.782058,,285123.48,342907.67000000004,305,5,23,0.831487612977569
2024-11-20,1999514.1199999999,1999514.1199999999,3357149.9662699997,9792.793397765454,644.057369,4210.0928969999995,3566.035528,,1033820.78,965693.34,550,5,20,1.070547695814077
2024-11-21,598300.62,598300.62,6327019.74521,7300.062138975701,198.628267,1692.430891,1493.802624,,258781.14999999997,339519.47,535,5,12,0.7621982621497376
2024-11-22,1646713.62,1646713.62,6863952.50785,9893.695111284242,436.439059,-18105.345617,-18541.784676,,1031637.74,615075.88,679,6,15,1.6772527968419115
2024-11-23,516245.68,516245.68,1853295.87574,4723.455523900826,154.621867,2901.531638,2746.909771,,275720.34,240525.34000000003,363,4,16,1.146325538922427
2024-11-24,664952.28,664952.28,354313.50949,19953.478843476743,202.583126,945.550386,742.96726,,456490.18999999994,208462.09000000005,172,3,16,2.189799545807105
2024-11-25,937410.87,937410.87,531097.97884,14680.957598172548,283.779701,5523.740734,5239.961033,,589105.76,348305.11,255,2,14,1.691349747926466
2024-11-26,1146902.44,1146902.44,2007687.4917,10192.743361337749,311.298478,1094.809359,783.510881,,813171.2699999999,333731.17,302,4,16,2.43660569673489
2024-11-27,1444242.53,1444242.53,384052.49735,19940.432149488264,439.714536,-2654.495633,-3094.210169,,162352.03,1281890.5,213,2,12,0.1266504666350207
2024-11-28,1894225.15,1894225.15,30569.13728,4420.7387338072285,315.582009,-127075.39958499999,-127390.981594,,1672642.48,221582.66999999998,332,5,16,7.548615963513754
2024-11-29,794262.91,794262.91,683964.22416,1859.8201062210942,192.45173557,176844.994152,176652.54241643,,355646.32000000007,438616.59,393,11,25,0.8108364528573806
2024-11-30,1732193.7,1732193.7,271197.97742435,3435.1424477873725,552.3753395,37316.69352,36764.3181805,,389072.19000000006,1343121.5099999998,373,8,25,0.2896775809956317
2024-12-01,814711.82,814711.82,3560119.23642001,6389.235122030456,245.38375138,40886.364494,40640.98074262,,340018.24000000005,474693.5800000001,416,9,30,0.7162899485600795
2024-12-02,585243.56,585243.56,210965.83884,6137.360651434223,147.88781359,18489.604313,18341.71649941,,352851.42,232392.13999999996,270,8,27,1.5183448975511824
2024-12-03,1084666.53,1084666.53,251246.61252,2354.399729529412,330.57309170999997,23576.539285,23245.966193289998,,546804.58,537861.95,374,8,20,1.0166262551199243
2024-12-04,769287.65,769287.65,13484938.200452391,3922.991142316614,172.60641765,292891.815021,292719.20860335,,324979.29000000004,444308.36,319,7,28,0.7314273582428205
2024-12-05,1256750.79,1256750.79,75629.96987,4881.7428253070175,352.76572323,71574.11848800001,71221.35276477,,242829.01,1013921.78,456,8,26,0.23949481586242286
2024-12-06,3471019.22,3471019.22,108676.63024,15604.850347196028,691.99378587,-92624.643895,-93316.63768087,,2296546.94,1174472.28,403,10,30,1.9553862437689886
2024-12-07,451733.42,451733.42,1291173.42509178,1359.7200135328949,108.4520379,85906.279067,85797.8270291,,255448.72999999998,196284.68999999997,304,6,30,1.301419535064095
2024-12-08,932939.72,932939.72,930353.7121,1787.932218347619,234.17888346,15965.933436,15731.75455254,,154005.65,778934.0700000001,420,6,31,0.1977133315018561
2024-12-09,983949.68,983949.68,170346.94181,3534.2818935269015,174.77343643,6310.967676,6136.19423957,,740757.99,243191.69,539,10,29,3.0459839725609044
2024-12-10,3150424.08,3150424.08,2869587.4983333,2885.2128903966163,453.54068535,39325.770231,38872.22954565,,1624729.47,1525694.6099999999,1596,11,34,1.0649113258648795
2024-12-11,2194098.33,2194098.33,371860.94751,4356.6742505249795,413.50923006,319051.554217,318638.04498694,,377291.79000000004,1816806.54,1221,12,21,0.20766756486906968
2024-12-12,4557189.87,4557189.87,1644131.25544,2265.6843708274846,698.96545151,599151.795008,598452.82955649,,1768229.68,2788960.19,1932,14,29,0.6340103692910726
2024-12-13,2880824.64,2880824.64,548827.41916,4577.503724812446,453.22737636,31935.901745,31482.67436864,,2035245.6600000001,845578.98,1173,11,27,2.406925560046443
2024-12-14,2369561.78,2369561.78,375074.5156657,2159.9074581732793,232.09144503,167801.399244,167569.30779897,,1409894.23,959667.55,1235,12,23,1.469148592134849
2024-12-15,2583269.81,2583269.81,832940.28064,1595.8074837011786,231.33057037999998,97525.315279,97293.98470862,,1528327.2299999997,1054942.58,1697,15,21,1.448730252219035
2024-12-16,2740808.97,2740808.97,163627.84630525,3014.2459456306633,402.150056,166774.344133,166372.194077,,829193.08,1911615.89,1055,13,34,0.4337655301662093
2024-12-17,5233597.63,5233597.63,1563454.83822607,1052.0018582095724,746.14038598,219591.305172,218845.16478602,,1571821.0500000003,3661776.58,1941,16,36,0.4292509429944522
2024-12-18,3798887.07,3798887.07,845985.81701106,5035.001314213366,691.44797021,13682.994673,12991.54670279,,2469780.2500000005,1329106.8199999998,1429,13,35,1.8582255487937387
2024-12-19,8241709.39,8241709.39,10741588.93356383,2950.7475688442946,1056.23317908,62744.004486000005,61687.771306919996,,4343441.87,3898267.52,3339,13,29,1.114197998910039
2024-12-20,7681274.71,7681274.71,1705118.67043015,1281.1534623320258,1210.83830578,254969.660039,253758.82173322001,,3675898.01,4005376.6999999997,2488,15,20,0.9177408981282584
2024-12-21,4382875.12,4382875.12,140974.53887,3657.2952470862583,680.39159713,150022.163157,149341.77155987,,1808318.7800000003,2574556.34,1681,8,19,0.7023807371797505
2024-12-22,3087320.22,3087320.22,345463.80597,1463.3598931589147,333.05684453,352197.163973,351864.10712847,,2359682.69,727637.5299999999,774,8,17,3.242937029375052
2024-12-23,6771878.26,6771878.26,715969.51279,1741.0217452281254,1200.89694657,-29430.626577,-30631.523523569995,,3496705.8099999996,3275172.4499999997,2347,14,33,1.0676402123497344
2024-12-24,1767036.11,1767036.11,1250239.96550993,11362.672453045592,386.78244023,14813.780116,14426.99767577,,439295.84,1327740.27,338,11,31,0.3308597697349347
2024-12-25,347889.35,347889.35,146457.6319,3392.6270428030766,66.51878221999999,756.6570469999998,690.1382647799999,,138290.38,209598.97,208,6,20,0.659785589595216
2024-12-26,2205242.65,2205242.65,638858.34855,4755.660897423242,523.35899848,60228.639722,59705.28072352,,1267495.71,937746.9400000001,697,7,16,1.3516393985780426
2024-12-27,347913.0,347913.0,126942.29191416,13201.857670753847,88.5556466,2672.811035,2584.2553884000004,,169366.99,178546.01,260,7,16,0.9485901701191753
2024-12-28,281555.01,281555.01,20079.81002,4138.285644782609,48.40849263,940.673623,892.26513037,,73008.22,208546.78999999998,161,7,14,0.3500807660477536
2024-12-29,344628.54,344628.54,118786.58075,7062.877761626865,72.1173571,2884.067927,2811.9505699,,123861.65999999999,220766.88,201,7,18,0.5610518208166007
2024-12-30,1073865.73,1073865.73,185994.29871,12587.64033930592,284.90632048,9009.738137,8724.83181652,,488282.21,585583.52,304,9,18,0.833838715269856
2024-12-31,877164.62,877164.62,6259129.5589000005,28739.599964186276,266.51641113,5445.01281,5178.49639887,,476987.15,400177.47000000003,306,6,19,1.1919390414457864
2025-01-01,282582.1,282582.1,34746.99172,8822.579264114584,31.60438221,-9528.065345,-9559.66972721,,178565.41999999998,104016.68,96,6,13,1.7166998600609056
2025-01-02,774674.84,774674.84,398599.55802,10094.891613861495,176.13969323,8716.519087,8540.37939377,,323347.39999999997,451327.43999999994,361,9,40,0.7164363859640354
2025-01-03,771208.99,771208.99,380142.44466,9803.075828159448,210.99783681,6028.486793,5817.48895619,,260007.87999999995,511201.1100000001,508,9,68,0.5086215090573647
2025-01-04,1826029.6199999999,1826029.6199999999,195756.23854,7797.149899172507,233.711971,2553.537968,2319.825997,,125538.95,1700490.67,371,9,32,0.07382513307173864
2025-01-05,451943.57,451943.57,260134.01253,7824.165539405858,139.34161097,3187.719363,3048.37775203,,187163.38999999998,264780.18000000005,239,8,23,0.7068632931664294
2025-01-06,556526.99,556526.99,611516.516,7217.135723097731,174.93108825,6064.185393,5889.25430475,,206399.18999999997,350127.8,573,7,39,0.5894967209116213
2025-01-07,1313178.1,1313178.1,2132880.27843,9068.043705916796,303.38645263,16098.227531,15794.84107837,,965324.2300000001,347853.87000000005,637,6,72,2.775085497827004
2025-01-08,3177275.18,3177275.18,1312943.32691,6518.9895779990375,696.91291038,130117.090554,129420.17764361999,,2885670.17,291605.01,1039,11,56,9.895818216566306
2025-01-09,1020733.25,1020733.25,384912.5035,6362.8980927356315,275.51377943,46975.928902,46700.41512257,,370199.24,650534.01,522,7,80,0.5690697708487217
2025-01-10,6547449.68,6547449.68,1072005.86667,31588.405895721615,2094.17917505,-10116.875552,-12211.054727050001,,2837427.8200000003,3710021.86,819,7,82,0.7648008359713547
2025-01-11,1658098.71,1658098.71,101784.5848,30131.135140431095,494.64797735,2269.080536,1774.4325586500001,,993047.02,665051.69,283,7,19,1.4931877250022476
2025-01-12,2258459.17,2258459.17,675113.69138,12893.280709518272,612.0827527,5742.241803,5130.1590503,,588905.6799999999,1669553.49,602,7,23,0.3527324422531679
2025-01-13,2936648.0100000002,2936648.0100000002,966689.30996,29317.207596281864,863.10012478,9655.429352,8792.32922722,,1878613.8699999999,1058034.14,408,11,26,1.7755701815066196
2025-01-14,876581.97,876581.97,122308.58172999999,21343.217767563634,240.59104948,16069.512355,15828.92130552,,383428.51,493153.45999999996,275,9,23,0.7775034367598274
2025-01-15,1801599.8900000001,1801599.8900000001,279128.23766,28411.1857780412,513.60899482,14819.5883,14305.97930518,,651047.84,1150552.05,267,11,22,0.5658569205973776
2025-01-16,3049692.96,3049692.96,274860.5318,30076.24313476011,890.56916796,20807.709328,19917.140160040002,,1463284.78,1586408.1800000002,371,9,28,0.9223885746731335
2025-01-17,1110230.46,1110230.46,326667.15395,8905.736269495797,351.41464889,7006.415608,6655.00095911,,548626.6000000001,561603.86,238,8,23,0.9768925021277456
2025-01-18,2711629.88,2711629.88,3127473.39578,9620.95311349616,815.9342014599999,443.2330819999997,-372.70111945999986,,1395533.5899999999,1316096.29,651,12,32,1.0603582736336106
2025-01-19,9715215.3,9715215.3,648272.56682,6104.771320986599,2162.35563971,87923.799302,85761.44366229,,4170546.71,5544668.59,1567,15,28,0.7521724053123254
2025-01-20,8287327.01,8287327.01,1713831.28674,16330.118057409887,2207.65981966,87277.239173,85069.57935334,,4281464.74,4005862.2699999996,1315,15,38,1.0687997867685053
2025-01-21,1523729.82,1523729.82,397160.12423,19761.02999872815,398.3042653,11077.839421,10679.5351557,,600610.51,923119.31,530,8,29,0.6506315093766156
2025-01-22,1778406.43,1778406.43,2769093.11334,8344.303495522838,471.17013976,20524.408057,20053.23791724,,786517.8,991888.6300000001,832,10,31,0.7929497084768478
2025-01-23,3697028.66,3697028.66,4017172.7302,6983.956473275615,1088.34986968,101256.24216,100167.89229032,,1501627.3199999998,2195401.34,1218,12,39,0.6839876120327046
2025-01-24,1611433.45,1611433.45,1141046.60679,5079.286193251716,338.6436011,10602.779738,10264.1361369,,766632.6200000001,844800.8300000001,874,11,26,0.9074714332371099
2025-01-25,1239377.7,1239377.7,702069.15524,3985.267088405138,318.93376206,-10348.016255999999,-10666.95001806,,965590.46,273787.24,506,11,26,3.526791314306686
2025-01-26,1201173.66,1201173.66,1943287.75,18.065921855875832,382.25815423,40823.466668,40441.20851377,,498244.78,702928.88,451,7,25,0.7088125046163988
2025-01-27,1508028.31,1508028.31,2637972.50323,11661.276710637774,406.25916743,41331.765392,40925.50622457,,1136991.75,371036.56,773,15,31,3.0643658134389775
2025-01-28,579412.17,579412.17,6818219.08054623,6429.960821865462,124.71028463,17979.613973,17854.90368837,,187366.53999999998,392045.63,498,8,20,0.47792023596845085
2025-01-29,1897513.41,1897513.41,5136374.4615,581.4878012956043,612.52114509,23421.01147,22808.49032491,,950332.98,947180.43,910,9,26,1.0033283521282212
2025-01-30,3014397.17,3014397.17,1587617.43128,8261.57404625867,874.65111573,23097.471385,22222.82026927,,781087.07,2233310.1,1067,11,22,0.3497441174873117
2025-01-31,2783411.48,2783411.48,4156508.54969,6716.441229059054,670.93805151,35868.296773,35197.35872149,,1100360.2399999998,1683051.2399999998,1016,11,29,0.6537889125704812
2025-02-01,1363746.44,1363746.44,6531578.90293,4211.306208217666,285.47738189,32300.205017,32014.72763511,,746312.5800000001,617433.8600000001,634,12,33,1.2087328349630841
2025-02-02,5661092.29,5661092.29,2856407.23053,5409.088864621683,1184.12208921,162854.759623,161670.63753379,,3655408.0999999996,2005684.19,1319,13,39,1.822524262905019
2025-02-03,22592901.37,22592901.37,12993753.49954967,4859.416197735714,2991.56562406,348871.326269,345879.76064494,,10785853.54,11807047.830000002,2380,12,37,0.9135097693595096
2025-02-04,15678409.27,15678409.27,1144231.01994,15703.124947818073,3853.77856394,416876.88812,413023.10955606,,6792488.250000001,8885921.02,2512,13,23,0.7644101534001707
2025-02-05,8743231.51,8743231.51,1176756.31614,21926.164488164224,1335.74961667,56706.235562,55370.48594533,,3503340.3200000003,5239891.1899999995,1297,11,17,0.6685902804023686
2025-02-06,2818508.87,2818508.87,2498575.95852,2869.875065266001,709.13035861,33803.799733,33094.669374389996,,1729054.04,1089454.83,1703,11,20,1.5870818985675614
2025-02-07,3460263.54,3460263.54,33942918.12908,23967.33330591798,738.0892383400001,22450.002091,21711.91285266,,1812154.73,1648108.81,1524,13,27,1.0995358552813026
2025-02-08,839734.97,839734.97,1140156.72729,17096.856943027826,109.97628618,586.703253,476.72696682,,701310.44,138424.53,575,10,23,5.066374001775552
2025-02-09,2920919.7,2920919.7,4514415.83014,1661.4545370450262,427.36182496,150551.829492,150124.46766704,,1773829.71,1147089.99,764,12,24,1.5463736284543814
2025-02-10,3624958.44,3624958.44,9002006.58675,34318.415525228345,491.3623421,63908.49465,63417.1323079,,1777959.5699999998,1846998.8699999999,889,14,26,0.9626208217441952
2025-02-11,2797544.17,2797544.17,1275165.26114,19989.86707794811,476.43012785,-6093.784817,-6570.2149448499995,,887844.03,1909700.14,848,12,19,0.46491279515746387
2025-02-12,4143974.54,4143974.54,1189000.53382,20122.266069995152,1099.15503114,19848.635032,18749.48000086,,1872816.92,2271157.62,1031,12,23,0.8246089586683991
2025-02-13,3199852.21,3199852.21,16842271.94634,19088.377477377373,823.48748402,27829.534238,27006.04675398,,1531823.6099999999,1668028.6,1370,11,28,0.918343732235766
2025-02-14,4007103.42,4007103.42,199298.33239999998,20052.512642015045,961.57771575,213860.675308,212899.09759225,,1080371.99,2926731.43,1655,15,22,0.36913943620716844
2025-02-15,1712852.95,1712852.95,14110781.75544,11469.872673227468,374.08731802,45042.92701,44668.83969198,,1134621.19,578231.76,932,12,27,1.9622256480688642
2025-02-16,806177.64,806177.64,121778.07806,3744.413148171806,171.57200528,2369.478425,2197.90641972,,380130.6499999999,426046.99,681,10,14,0.8922270522319613
2025-02-17,2031044.64,2031044.64,142023.06547,4732.56718405526,253.48675564,1818.573295,1565.08653936,,1593630.6099999999,437414.02999999997,941,9,27,3.6433001703214685
2025-02-18,3371128.68,3371128.68,44567445.99253,6687.4516690757755,609.53940291,91204.672403,90595.13300009,,2140266.08,1230862.6,1676,11,30,1.738834277684609
2025-02-19,3263930.24,3263930.24,52433745.56607,18063.043201803306,688.4874495,14985.794701,14297.3072515,,1796508.54,1467421.7,1361,10,15,1.2242619418807832
2025-02-20,4628609.29,4628609.29,8120815.47315,16106.864259217198,1232.46402475,46008.794102,44776.33007725,,1483409.58,3145199.71,2012,11,25,0.4716424128119992
2025-02-21,3972159.88,3972159.88,8091976.01041,15982.61099378804,829.71831377,119693.49395,118863.77563623,,1831306.8899999997,2140852.99,1873,14,23,0.8554099223786494
2025-02-22,3175570.2,3175570.2,12684469.99018,16330.238533271136,880.16463397,25278.704178,24398.53954403,,1598869.8699999999,1576700.33,686,10,34,1.0140607188177602
2025-02-23,1141310.74,1141310.74,4992764.71522,6653.326019425,230.00271917,10656.934251,10426.93153183,,677026.62,464284.12,520,12,30,1.458216188828513
2025-02-24,11223619.59,11223619.59,1627461.28492,415.2820556340812,2097.96443324,38470.176242,36372.21180876,,6781502.98,4442116.61,5616,14,42,1.5266377664948332
2025-02-25,19414984.36,19414984.36,4702977.52916,1141.5425229423631,3186.61506431,204762.177034,201575.56196969,,12402432.93,7012551.430000001,6246,18,26,1.7686049156005974
2025-02-26,4946958.13,4946958.13,2603873.84311,1021.7923438341836,754.17254667,63229.063129,62474.89058233,,612469.3400000001,4334488.79,1176,13,33,0.1413014013124256
2025-02-27,1999898.43,1999898.43,355587.03535,3783.741142521348,512.14597331,-36525.167517,-37037.31349031,,694275.6699999999,1305622.7600000002,890,9,20,0.5317582469227174
2025-02-28,4123660.77,4123660.77,283176.4143,2374.567007783121,878.39826396,225628.108748,224749.71048404,,1987160.8199999998,2136499.95,1019,13,30,0.9301010374467829
2025-03-01,263824.13,263824.13,252969.30428563,3119.315583793103,37.06354539,10596.108968,10559.045422610001,,146062.81999999998,117761.31000000001,174,5,14,1.2403294426666955
2025-03-02,6460848.74,6460848.74,256166.66921,9371.077831221804,1931.69694201,66914.320708,64982.62376599,,3130871.2699999996,3329977.4699999997,532,10,15,0.9402079438093014
2025-03-03,8244590.38,8244590.38,1215235.7347,3500.2799614203777,1040.56404242,616413.032233,615372.46819058,,5677737.52,2566852.8600000003,1482,14,34,2.211945066457763
2025-03-04,11124247.15,11124247.15,949350.55796,2545.786879941715,2220.33648528,182075.566585,179855.23009972,,8398559.48,2725687.67,2402,16,18,3.081262601154886
2025-03-05,9193654.22,9193654.22,656600.24214,3657.355850823494,2321.32151085,269328.365917,267007.04440615,,2481977.2300000004,6711676.99,1660,13,34,0.3697998627910728
2025-03-06,6765324.96,6765324.96,134593.06631,5795.717284914474,1306.61716326,16101.125561,14794.508397739999,,3760373.5199999996,3004951.44,760,12,12,1.2513924418026534
2025-03-07,19854275.48,19854275.48,1338194.4536,4468.829034675548,4916.50104687,150236.061627,145319.56058013,,9556363.19,10297912.29,2552,14,22,0.9279903460898481
2025-03-08,892083.51,892083.51,4468405.21703,3131.854198517958,208.339773,24700.773359,24492.433586,,491470.58,400612.92999999993,529,13,16,1.2267965989015883
2025-03-09,10419697.99,10419697.99,246318.30604,806.5426083241913,2377.0639268,19773.457395,17396.3934682,,5749450.63,4670247.359999999,1422,12,36,1.2310805374557292
2025-03-10,16811790.68,16811790.68,726179.78717,2998.767983825833,3488.37247123,-10010.027269999999,-13498.399741230003,,9674895.21,7136895.470000001,2911,14,15,1.3556167735212745
2025-03-11,14016952.09,14016952.09,21838514.43294,2341.3900885374314,2441.08024204,-76880.729036,-79321.80927804,,7019130.199999999,6997821.890000001,3286,16,18,1.0030449917610005
2025-03-12,18618139.15,18618139.15,12354990.93712,4000.6491172159776,3658.41357197,288105.984215,284447.57064303,,8825921.68,9792217.47,3968,13,10,0.9013200234818722
2025-03-13,3285591.22,3285591.22,740713.05351,5443.617843656964,809.18670717,14114.870873,13305.68416583,,1812326.87,1473264.35,962,13,14,1.2301437077466784
2025-03-14,8047187.16,8047187.16,334096.57324,4004.7944216610863,1193.48707492,68646.160089,67452.67301408,,2344456.8200000003,5702730.34,2210,10,5,0.4111112888427406
2025-03-15,2355749.54,2355749.54,3040228.53161,23597.128657252873,574.332888,78694.624572,78120.291684,,1253060.68,1102688.86,261,8,11,1.1363683133608513
2025-03-16,10187921.51,10187921.51,407202.2754,50519.7275055283,2442.48300218,-7910.943544999999,-10353.426547179999,,5178877.989999999,5009043.52,530,8,12,1.033905568861977
2025-03-17,3592895.05,3592895.05,4511462.99931,9535.147864272825,807.74000798,26163.906513,25356.16650502,,1850513.6600000001,1742381.39,920,11,14,1.062060046451713
2025-03-18,4050655.47,4050655.47,1280331.60433,11904.990233124701,857.936131,72322.788824,71464.852693,,2042232.0399999998,2008423.43,834,13,16,1.0168334074851935
2025-03-19,4598813.57,4598813.57,819323.64098,15006.281201493797,784.4900710184,29374.682341,28590.1922699816,,1984073.6,2614739.9699999997,1612,12,17,0.7588034078968091
2025-03-20,1652257.93,1652257.93,1015534.77546,2358.06017454345,329.235446,10246.859436,9917.62399,,532280.1100000001,1119977.8200000003,771,13,20,0.47525951004994005
2025-03-21,2543903.39,2543903.39,2651304.56857,4097.717261760745,633.46068283,6951.270374,6317.80969117,,1384837.6099999999,1159065.78,698,9,12,1.1947877626065364
2025-03-22,971809.42,971809.42,1556446.62807,3803.037827611215,268.83480197,12498.535254,12229.70045203,,290888.8500000001,680920.57,535,8,13,0.42719938685359454
2025-03-23,2593519.67,2593519.67,493230.15874,5709.453012297539,597.21601403,14047.421585,13450.20557097,,1429479.3399999999,1164040.3299999998,447,10,22,1.2280324857816567
2025-03-24,3017587.05,3017587.05,617462.1934,3414.229185942551,531.10535137,107878.961301,107347.85594963,,588673.6600000001,2428913.39,1027,13,34,0.24236091020108383
2025-03-25,5372519.77,5372519.77,1250187.07465,11769.79868919722,1401.35398577,32030.90678,30629.55279423,,2402915.93,2969603.8400000003,791,13,30,0.80917053569004
2025-03-26,7597754.37,7597754.37,4861551.17817,1063.4996657601548,1796.80351609,15802.167427,14005.36391091,,3893411.72,3704342.65,3102,17,18,1.0510398437358381
2025-03-27,3240279.46,3240279.46,686430.81325,9118.37818057707,714.0241193,58825.359221,58111.3351017,,1917581.7399999998,1322697.72,785,11,17,1.4497505446671517
2025-03-28,1483092.61,1483092.61,1624633.89783,7612.338172063187,389.28339505,21337.179335,20947.895939949998,,1005287.8200000001,477804.7899999999,728,11,20,2.1039718333506037
2025-03-29,3668151.83,3668151.83,1428890.01432,2414.803543719641,839.84451462,12098.872931,11259.02841638,,2428806.3,1239345.53,1894,10,16,1.9597491104841438
2025-03-30,2850874.96,2850874.96,697951.78635694,7603.879054272887,759.07175327,15795.11514,15036.04338673,,1854570.06,996304.9,568,9,18,1.8614482976044784
2025-03-31,2164772.4699999997,2164772.4699999997,1241557.92206,8426.110126818183,482.00163111,6978.184557,6496.182925889999,,833379.9099999999,1331392.56,495,12,15,0.6259460470471608
2025-04-01,704445.1900000001,704445.1900000001,922157.5379400001,11425.36599246875,162.93599482,-2202.6622420000003,-2365.5982368200002,,351576.0299999999,352869.16000000003,192,9,14,0.9963353839139694
2025-04-02,3867930.6,3867930.6,3768092.12272,7414.856134767658,1181.2230379,202212.740938,201031.5179001,,443255.3,3424675.3000000003,1076,11,15,0.12942987616957438
2025-04-03,8670233.15,8670233.15,5323868.72889,4420.623526697368,1337.1188527,-2365.961276,-3703.0801287000004,,5070214.9,3600018.25,1748,17,13,1.408385888043762
2025-04-04,3835545.73,3835545.73,1425479.21115,4732.811766900943,836.063409361,-25515.678949999998,-26351.742359361,,1941548.5,1893997.23,1272,14,18,1.0251063038777517
2025-04-05,1267564.22,1267564.22,1578033.86483985,10940.511464127778,282.060344,35907.33771,35625.277366,,343598.62,923965.6,360,10,12,0.3718738230081293
2025-04-06,3551252.06,3551252.06,1050029.91139322,4081.8439489007637,618.4359126335,47053.449272,46435.0133593665,,2317153.58,1234098.48,1048,14,17,1.87760832506657
2025-04-07,14460253.14,14460253.14,3912056.53206,10523.865138202558,2766.5551014029,34527.370305,31760.8152035971,,8217447.34,6242805.800000001,2814,18,19,1.3163067382297875
2025-04-08,8869391.4,8869391.4,954031.23507265,31685.96511792683,2274.97769106,34899.394798,32624.41710694,,4215454.14,4653937.26,943,17,19,0.9057823310664914
2025-04-09,28556806.47,28556806.47,3010140.18608,13917.529131650617,6111.274358194,43120.444797,37009.170438806,,12882132.54,15674673.930000002,3967,20,29,0.8218437332431322
2025-04-10,28741953.29,28741953.29,3124622.850807684,39246.50578036154,6868.556500782,158261.822261,151393.265760218,,15383754.440000001,13358198.850000001,2127,19,30,1.1516338851326502
2025-04-11,11319327.07,11319327.07,631096.46176,18896.037772089418,2174.4390780901,126406.479081,124232.04000290991,,5125398.37,6193928.7,1096,16,15,0.8274874668802694
2025-04-12,55914617.49,55914617.49,1734379.95047,52901.409214082974,11517.596374457,410419.694533,398902.098158543,,27734296.93,28180320.560000002,2109,20,22,0.9841725139694436
2025-04-13,14171154.79,14171154.79,2596596.5766481,32683.551292376986,2568.3362202649,48696.021521,46127.6853007351,,9238014.240000002,4933140.550000001,1321,17,22,1.8726436326651996
2025-04-14,13079972.98,13079972.98,255226.28703,32893.321598730334,2023.157718567,45680.443063,43657.285344432996,,7246590.910000001,5833382.07,890,14,17,1.2422623485041158
2025-04-15,20752168.24,20752168.24,332384.0955165,63863.56281482317,1866.90475939,72357.706282,70490.80152261,,9068870.01,11683298.23,1131,14,15,0.7762251576111654
2025-04-16,36502715.9,36502715.9,685571.47402,48069.123414856964,5997.61790529,58631.730257,52634.11235171,,19989081.09,16513634.810000002,1608,17,15,1.2104591944770031
2025-04-17,2604551.51,2604551.51,660171.85707,1747.3123040737148,519.20873692,5427.919886,4908.71114908,,1515498.7799999998,1089052.73,1031,12,14,1.3915752086678115
2025-04-18,24610650.46,24610650.46,319091.03943,15666.24511019377,4667.32793177,4880.4047439999995,213.07681222999963,,11842630.05,12768020.41,1894,12,21,0.927522800693894
2025-04-19,32706462.71,32706462.71,2681599.08734239,16014.825865230438,6480.62633269,71950.577495,65469.95116231,,12069996.059999999,20636466.65,2786,15,13,0.5848867572492116
2025-04-20,12126094.05,12126094.05,1811225.3165795,7953.09440782997,1887.3296081058,25060.341936,23173.0123278942,,10723702.219999999,1402391.83,1982,12,31,7.6467232556538764
2025-04-21,42104054.84,42104054.84,2333025.83098,41859.99143913446,6356.09106388,34369.267906999994,28013.17684312,,21381479.79,20722575.05,1718,14,35,1.0317964701978481
2025-04-22,33753625.24,33753625.24,32699511.7848947,15070.37095092762,5749.685751,58652.763578,52903.077827,,9641710.530000001,24111914.709999993,2998,15,27,0.39987328447214815
2025-04-23,30682443.79,30682443.79,70800498.21052,12725.948066658386,7342.08084188,-419020.225731,-426362.30657288,,16861415.3,13821028.489999998,6159,19,44,1.2199826743863402
2025-04-24,35088918.64,35088918.64,4275681.15339,42081.60551729973,7366.5003199353005,50704.395965,43337.8956450647,,18102013.38,16986905.26,2232,15,32,1.0656451603710184
2025-04-25,27749455.78,27749455.78,3290588.8704794,33876.77419571567,6299.0932547382,20218.859206,13919.765951261801,,13366865.850000001,14382589.930000003,1653,16,35,0.9293782215203572
2025-04-26,11948127.77,11948127.77,8474693.58638,24357.80254500265,2652.30675352,-4125.753942,-6778.06069552,,11559923.81,388203.95999999996,1131,12,27,29.77796468124643
2025-04-27,487537.69,487537.69,3887430.28472,13133.751885486648,55.9267726562,2702.067468,2646.1406953438,,298718.49,188819.2,337,9,16,1.5820345070840252
2025-04-28,26124921.49,26124921.49,215249.28118,58469.14186169688,6007.2514035301,36906.813759,30899.5623554699,,6783522.98,19341398.509999998,1379,8,14,0.3507255680861312
2025-04-29,34089511.66,34089511.66,297481.95515,28548.785993098085,5149.2952871531,125749.613427,120600.3181398469,,16298169.149999999,17791342.509999998,2243,7,17,0.9160730361319991
2025-04-30,12693878.85,12693878.85,155976.10227,35649.303644469,2950.1837728755,14003.797269,11053.6134961245,,12162460.23,531418.62,1113,8,15,22.886778468545195
2025-05-01,10720240.52,10720240.52,101855.22113,12672.104182341463,2652.6136779658,54536.829297000004,51884.2156190342,,2667207.55,8053032.969999999,1230,11,11,0.3312053433701514
